A,B,C,D,E,F,G,H,I,J
Douglas,Stone,dstone0@wix.com,Male,"data:image/png;base64,iVBORw0KGgoAAAANSUhEUgAAABAAAAAQCAYAAAAf8/9hAAAABGdBTUEAAK/INwWK6QAAABl0RVh0U29mdHdhcmUAQWRvYmUgSW1hZ2VSZWFkeXHJZTwAAALrSURBVDjLbZJZSFRhGIYNRyK6iC7aLiK8qG4MifZuylxaVOymjZQKDYbEJE1nskITEpeCFAy98KIJl8LUyn0Hzd3EbVKcxlnOuMyZcUads4xzznn7Z4JJzQMv3+E/3/t87/n4fQD4rBdjqIlmNOV1zHSJYXk0n7MPZvK27lSrtSNhdKlLkbG53/vC6qoPsNovDTzVAJelF8LqL4icHhJvgGCfAj9bD2tLPBaqb2ot7YqADQBG/22nY0Y1sEZ3QXQaiHTEPAmRHYHg6CfqJWdqSGs0VgbegVIFWxfblfu8AIe6KIc31pIGE0R+hlQKkmAHJKdHkmAjsDG4lmsB0Qrz93hQn27XewHLw9mUyzZGemfIpFlILgsxLXmMHrlo8k1HAI1EFeBNg9AUnOW8gKUfz50iOwuB6YPADpP4ahJ7HMLKCDEMkB10w7XSDN78HpwpCaLDgKmc45IXYGlPNDoX+8n0CXDGF2RCFmxf78NWJ4etNhaWsghwVCYYzR2s0bngDIOYzjvxL4GlU5lt68sjcS3g9AqYiwPB6lOInoLRyklNxlzWDqxOhkGSNDB9ToS2OKLDC7D3ZMgW6+RTqxOlZIEa0B/Oesws9QiMIQasLgkL+XshMp1Y/lkJdcZRnqpKPLzhHtBtysD5ymh6dbwM9qqHfwFkstvM6p5gOuM0eu4eQuslGVqubrc0hfoqNwDcMjelnNSWP5ifKwkD1x4Oce4yRFMQ9PnnMJp8BlzdW0jqRjAVSRiMPyY0B8sSfDZfzY7y1+GFr2LXPhamoSj3PN6kn0LNtV1giRkFkYBiN5DlDzr3IppCfLX/Adx6qZAbVKVlUKkqUFRcQmL7QRquwvrHlr7f/TvSlgDF43s9La2tMJtpDA0Noz5qDxwlsQAx8ak+WCLSy31B9kBtCWgpz465cf0KExoaIgUFXZCyowJc/XFHxDmFP8zP/PA7bhvaImVCY6hv2paArdR966CSTJx1xybV6Da7z/8A2VoHSyUsj6sAAAAASUVORK5CYII=",switch,$0.02,TRUE,FALSE,Cangzhou
Amanda,Alvarez,aalvarez1@merriam-webster.com,Female,"data:image/png;base64,iVBORw0KGgoAAAANSUhEUgAAABAAAAAQCAYAAAAf8/9hAAAABGdBTUEAAK/INwWK6QAAABl0RVh0U29mdHdhcmUAQWRvYmUgSW1hZ2VSZWFkeXHJZTwAAANZSURBVDjLVZN7TFNnGIdPTMwSY/aHyTJjYkJmIjNT/zCLMS4uoomKRhMTTcjwMoJCWDTGeUFAtmIkoKIoA4QqoJRLrKyzLQ63qS2ltDtcpOXYQi1SbMFSodALp1fbn+9pgGwneU6+vN/7e75LzmEAMHNPmSWEiDASPcRnQv2/UO3L+XmWSF6oM7MyZilxfa43fTwyrYK394iLVezXnn8eURPuedT/Kg5qfAM50wHzZTf1s8TqhMDVyhR42aMT4cmnmNJnzPZJt/pLtdOo7HWhzuBMIIxvaUZhkG7iPVwR7zec+0C5fmIp43jAFPqMl92TXRmzuqat0Qq9HY+M79GiGUO1zISKxyY8eDGKloFx1HeqMKTYHQs4Hn+cfLLOQtlk5m0ts21YvMzSfX8jf101ilbWDpnKhhGHF9NeP6a8c7DYvZD8PYL6LhseyctgbNkSMos/f0XZ5MRFnK9T3sj9nYNYa4OUVhOeGY8HbyacCNJYwB8H/lA2Y7g5DVZ5MQx1u2Cs+uZYQpBe26++0MahpsMCM63MR+Pw8zyq6hvgIpEvFIL6WQmcL3PhGWwn2wRmB9ugL9szmRAcuq1xn215hWvNRrgCEcyEYgjTRJ6oCE0yOe7dyYDbJELYoYBTfQMBToaPY1pwDVnBhOBASYc76z4LUcMA7P4ISWJweHy4WnYT1eXZmHldiFhAi8DbU3D3nMaQJBOsODPeU3FwbUKw55c2dVq5CkWSfnRaPXhPh3b4Iuj8pxozXB5iQT34keMI2tPhM+eDq9mH7CuVfYnvQHilXHgo2it6gjP3dCiVWjBFF2YdlMPZmzsfPobgux/gfV0Ac1Uqhe9CyCwKvjtd/S1h2lWoxNlaDWrqxDD/dZG2rUHQlomQ/Sg8tJOhqt1I+7UJQq+QWRQIbD5Zlp1TKuGzfr4I05/5MHbcxjh7GLwtHW7DJQz8tg8/lUhwovghL/Qu/gsLA51Ol8JxHKTXdgK+MQyLD+Fl/ip016RCKdqOjLxydGm74906XZx6v/+foL29/QvCb7VacTVrA8L6SoTZO2CLU9CcmRTf/2NO3/q0ApFCqfRZLBZQb5RYsyhobGxcTgwT4cPbVoRKjn8dfVGaGn1+c0enMnfDVwur0XwS4SEmiJVC7RNi1+PWy99nOwAAAABJRU5ErkJggg==",china-unionpay,$6.96,TRUE,FALSE,Quxi
Jason,Brooks,jbrooks2@tumblr.com,Male,"data:image/png;base64,iVBORw0KGgoAAAANSUhEUgAAABAAAAAQCAYAAAAf8/9hAAAABGdBTUEAAK/INwWK6QAAABl0RVh0U29mdHdhcmUAQWRvYmUgSW1hZ2VSZWFkeXHJZTwAAAHfSURBVDjLpZO9a5NhFMV/bxowYvNRjf1IoCDo0KFJBVHEVbeCi5N/gM6KruLi6KiDKA6KIC6CQwdtBxfRrUGHFlTQIlikjTFpkua55zo8r7aDipALd3keOOdwzrmJuzPMZF/cOPFXBMmRHJMTTJiJYCIEESy+ZQGqczPIDNxxd/AMDriBu+MSCkJmSA4CJ8Pym+UIIAs0177S3Wz9F3O+WGCiMrmjwM3pbrZ4fvo17kR237XAtcolRvdOA+L+9TscHB/HTGQAlLqwuHWbxa1b9JMVTBDSHRi82qijbgPXNsGEpx5kouYo+2jpI/3kCUudiwzUJBgMAoQAjf4ZFtZP0mq/x0xIYPJUQQoQLHAsX8fMeNk7y4DVCGKw0q7ytHmByx/u/lYgOVnJUbBomAa8azWYr5b50unRGZln48ccYzrH5/VTtHuTKIxQk8dUdgMEE/XyN2YPTFHJHaZWFPIan/KriEccqT5ExJi15FiwWCSTo+CYiYk9h5CL4NvIhSOmctOxCwgh3J3vauAWnc8GEzInt2+U3s1nuEWwmPlOByzthuSUSyV+XUDWTOAJxbEyhcJ+pPgxc/4KnbUFQOTKx3n74B5uQhI4JEkMMHl8ddZ3d/tfzH+aZNhrzDDk/ARfG6G/LNZPQgAAAABJRU5ErkJggg==",switch,$5.15,FALSE,FALSE,Funza
Chris,Rodriguez,crodriguez3@hao123.com,Male,,diners-club-enroute,$1.82,TRUE,TRUE,Bojonghaur
Marie,Ross,mross4@ovh.net,Female,"data:image/png;base64,iVBORw0KGgoAAAANSUhEUgAAABAAAAAQCAYAAAAf8/9hAAAABGdBTUEAAK/INwWK6QAAABl0RVh0U29mdHdhcmUAQWRvYmUgSW1hZ2VSZWFkeXHJZTwAAAJDSURBVDjLxVNdSFNhGH7OD3NmuaVnapg5lVCJKINWlBJFYGTSz0XYReHFIJFdehEEFkEF3kd00ZWFXSlIYgyDRlsLJVkbEgu3JjpxZqaOOde+8329ZyIs6kLwohee873fy3me73nPeT9JCIGdhIwdxv8XULeS9j6/jZZ+zvlhrnOTznRsgpkZY1k9y6bo+XDiybU3/xSg8Dc3aHVH7XvJlgSdczAOyoBfJBSNrza/GP08QlvlLwE6fbcqo868PIUBzxecae9EcNyDrC4Qn5mG48JNRP1DWAyFqeXrf7ZA5Aqy/bqpthSxoA/FZXaspRlSGwwLs1FyIbCaYuA6UFlWjKqzPaJAqw9Te5e/DXWFpYuPvYMt9barpxpsiCQ2sJLKkmVOEMhkeQ5GbtmloK68ENQNPgYicHtC4zPD3SdU+mBtxw9qCM+ncydnDHKOZJDFphjta76+hBYZgPlHDPus5TAJh6PqEi9RyYrJGMbUXACjr57BVGDGsZY2HDnZmrPPdA7LZD/s7C0aOrtQUHMI6aAb2vsxnA77XFLT+RuCJRNgyUXYtBLIsozE0gokSy1EegnGqPdaJ3Gl5wEKI++AuBewWLGkVmPC/WE294KBxsbGqNPpFC6XS1Ae2qobGDuncv5pUOTHz3sVwqjnz8Etn8/XR2ua8Dz/V+mKiK8HRvYXDXcjk17AOtWSawrVMS9t5zZ6Oyrvm/YU3a0qZaoqzyH5nSGWUPTshuiVtnudfR0H7qSW528rulRtOCLW01Y3e/QbBKBEL0GVKsYAAAAASUVORK5CYII=",jcb,$8.47,TRUE,TRUE,Ljupina
Lawrence,Gutierrez,lgutierrez5@economist.com,Male,"data:image/png;base64,iVBORw0KGgoAAAANSUhEUgAAABAAAAAQCAYAAAAf8/9hAAAABGdBTUEAAK/INwWK6QAAABl0RVh0U29mdHdhcmUAQWRvYmUgSW1hZ2VSZWFkeXHJZTwAAAKDSURBVDjLjdFNTNJxHAZw69CWHjp16O2AZB3S1ovOObaI8NBYuuZAhqjIQkzJoSIZBmSCpVuK/sE/WimU6N9SDM0R66IHbabie1hrg0MK3Zo5a8vwidgym8w8PKffvp89e35RAKJ2ipp7WDxvjltZ6jwCr5W2bpHHtqUnx+77877jsZxzlO3roAWXuw5ha1pl9MZdAW2ig8RyXyL8rnx8G6uH387AMnUMC2b6l10BJPdAfWDGhZVREuszT7D6hsTStBNDurO+XQEZnEypx1a28XW2F8HFPqwtOBAYJlCde9EeEZCy4sTN4ksrRA4LZB57vZCfMElUyH4E7Ap86r+LwIAGIy03cDr/lDNJGR/zDyBiHGc3i1ODjUIWtqbdIIexVY86kwZ3HijR/86GmqFqJGhPWs8oTkRvAgb+uZGHhVfRV3UNni41OhU8EDlstBSkwjKjhnmqAg3uUtS6y9Dzvg0ljmKkFCaRm4CJT+/5OERtG4yqZMEwdQt1biV0EyW4PVEE1dsiiMk8eMn0/w9Wp+PCNK1CQ6iBYeommkIpH5Qhy5AF/6Mrf4G955tUJlXxtsHieeWQ2LJxvVuAAkoASUcmLugZPqW0qsprEQjDx3sY3ZIMhXt1+DNw77kdmnYKSsKKx+PfoTQtYX9KtzWG2Rod6aujaJwWHk8+uDawGITeA+SPA7nDQOYgwKcAYhQQajyIY9eQEYE5feLPyV4jFC8CELkAkWMDQmoDPGsQaWYgzRjEU8vL8GARAV8T099bUwqBdgzS14D4VaiBA8gZALJ/t6j1Qqu4Hx4sIvChoyDFWZ1RmcyzORJLJsDSzoUyD5Z6FsxKN+iXn/mM5ZLwYJGAX0F/sgCQt3xBAAAAAElFTkSuQmCC",switch,$4.68,FALSE,FALSE,Ia Kha
Bobby,Evans,bevans6@geocities.com,Male,"data:image/png;base64,iVBORw0KGgoAAAANSUhEUgAAABAAAAAQCAYAAAAf8/9hAAAABGdBTUEAAK/INwWK6QAAABl0RVh0U29mdHdhcmUAQWRvYmUgSW1hZ2VSZWFkeXHJZTwAAAK3SURBVDjLdVM9TFNRFP5e+0p/KcQIrZZXYCCBdIMoaGqESGxCTBqCg5suxsRF44IjgzG6mZjYwTB2Mg6YOLQdNKUFTKwYEJ2koYZSqi20j9ff91rPvbEEbXzJyb03Oef7vvOd84Rms4mTXzablXQ63Vyj0fCpqjpGgXq9niiVSqFCofDa6/X+OJkvnATY39+/IAjCvMFg8NMJAgIDqFarODo6QiqVWioWi09nZ2dXWzW61mVvb08i1nmTyeQ3Go1gwIlEgketVoPZbIbb7fYfHh7OBwIBqQ2AZM6JosiZWQED8Xov4fLkJDo7O1Eul0HK4HK5/JlMZq5VJ7YulUrFZ7PZ2MnZviWzWFtd4UrGxyfQ7+xi/qC3txcHBwc+Knn2lwLqc4wls347iH1tNQ67+xzsg1P4mFRht9uZSlitViiKMtamgFzmhjH5RItGA6jBAk3rQE3o4jmapoFMZABo84AAErIs8yQaFy5OnIciF1AoVXBluIlcLsfzdnZ2mB+JNgByN0Tm8Hs8HocBZdycduH2lA11JYNoNMoVrq+vszZDbXuwuLgokYqXHo/Hx9rJ5/O8Zxot3wfn7gcYv4Qg5NJQ9UgLaD6/GlafHHtAzo/TCB2xWGxpdHTUPzIywntlBKatCMzyFoZv3YNx0IPyRvjs1+XIo8i0QeEKgsHgdcIIEmPH5uamm5YqxVhZ38yT21jDtfsLMH9/D+zGgK5u/BL78Sm8nOQKSOaroaEhMA8kSUo5nU5YLBak02k+nVMb72ByDgIzD47dFxfOQN8QBsQ/S8QL+vr60NPTw98sHA4HP2vb3Sh9fgvrm7uoljMoUY1c1EMjLzhAMplEJBLhS8SiBcCCvWdOm9G9EsUAnaLeAPmniu0M2YjmC+Hf3/l/X/yG+6GST9/Ra0K/pm/uUlXAF1Yf/wakxYbML/JgHwAAAABJRU5ErkJggg==",visa,$0.73,TRUE,TRUE,‘Ayn al ‘Arab
Katherine,Lawrence,klawrence7@facebook.com,Female,"data:image/png;base64,iVBORw0KGgoAAAANSUhEUgAAABAAAAAQCAYAAAAf8/9hAAAABGdBTUEAAK/INwWK6QAAABl0RVh0U29mdHdhcmUAQWRvYmUgSW1hZ2VSZWFkeXHJZTwAAAIhSURBVDjLlZPrThNRFIWJicmJz6BWiYbIkYDEG0JbBiitDQgm0PuFXqSAtKXtpE2hNuoPTXwSnwtExd6w0pl2OtPlrphKLSXhx07OZM769qy19wwAGLhM1ddC184+d18QMzoq3lfsD3LZ7Y3XbE5DL6Atzuyilc5Ciyd7IHVfgNcDYTQ2tvDr5crn6uLSvX+Av2Lk36FFpSVENDe3OxDZu8apO5rROJDLo30+Nlvj5RnTlVNAKs1aCVFr7b4BPn6Cls21AWgEQlz2+Dl1h7IdA+i97A/geP65WhbmrnZZ0GIJpr6OqZqYAd5/gJpKox4Mg7pD2YoC2b0/54rJQuJZdm6Izcgma4TW1WZ0h+y8BfbyJMwBmSxkjw+VObNanp5h/adwGhaTXF4NWbLj9gEONyCmUZmd10pGgf1/vwcgOT3tUQE0DdicwIod2EmSbwsKE1P8QoDkcHPJ5YESjgBJkYQpIEZ2KEB51Y6y3ojvY+P8XEDN7uKS0w0ltA7QGCWHCxSWWpwyaCeLy0BkA7UXyyg8fIzDoWHeBaDN4tQdSvAVdU1Aok+nsNTipIEVnkywo/FHatVkBoIhnFisOBoZxcGtQd4B0GYJNZsDSiAEadUBCkstPtN3Avs2Msa+Dt9XfxoFSNYF/Bh9gP0bOqHLAm2WUF1YQskwrVFYPWkf3h1iXwbvqGfFPSGW9Eah8HSS9fuZDnS32f71m8KFY7xs/QZyu6TH2+2+FAAAAABJRU5ErkJggg==",china-unionpay,$1.68,FALSE,FALSE,Al Maşlūb
Jean,Howell,jhowell8@diigo.com,Female,"data:image/png;base64,iVBORw0KGgoAAAANSUhEUgAAABAAAAAQCAYAAAAf8/9hAAAABGdBTUEAAK/INwWK6QAAABl0RVh0U29mdHdhcmUAQWRvYmUgSW1hZ2VSZWFkeXHJZTwAAAEwSURBVDjLpZMxSkNBFEXPD2IhVmKlS8gGXIBdsHQRkt5dWGYfFmYXtsHaQkTQRlDIzHv3WsyPIfiDSh4MU8zlzJ375nW22aX2fhPc3D1v3JA21xcn3Z8BAKdH+9hgm8fXMuzg9v7TBpRgwIbLs4MOQDYSWCarhgEpOD4cIcCCl/cmzDRKkEzKlNgCsCHddhlWugiRaVIiE+oyhwGRNJs9IHtdTTeITOZPByOA6XRq9Q5C6zWZTFyLqSFqiAhRqhiPx94AzGazbuWgLaMU8/m8KyWJFFlFDVOLWCwWP9sYakHKbhn0Tyghovr7CXVbiJki1a0z6E3WZbMvNU0t3hKi4ektyb4jqx9eQkQay62V3gK4Oj/shn5hrUmGkVcQ/W8WIszD4weyBs+7XadxxI71BUieEw+8ru7iAAAAAElFTkSuQmCC",jcb,$4.47,TRUE,TRUE,Miami
Carol,Thompson,cthompson9@state.tx.us,Female,"data:image/png;base64,iVBORw0KGgoAAAANSUhEUgAAABAAAAAQCAYAAAAf8/9hAAAABGdBTUEAAK/INwWK6QAAABl0RVh0U29mdHdhcmUAQWRvYmUgSW1hZ2VSZWFkeXHJZTwAAAJ8SURBVDjLpVLfS1NhGPYP8D6im8DKwrYhUaa1tEyyIXlRWtFFJlZQERIGUZKGI5dO7ZeUEl1YaKUYkyU1J0hE/ppzuOnUDbdpbp7Nue2crZ2J9fSeQ4LhdtUHLx/fx/c87/M+z5cEIOl/6p/DsjGnzWfIhnf0CJjhw2AGD2HpWxY8Xw/CPXAAi/378aNvHxY+p7viEhD416q/FTFfC2JLL8AvPkd0/gl+OhoRsdXDN1gsgLm4CghcE5opw6qvFeHpfHDm4wgZsxEcykLEroZ/tFQAryUcwTsij8WYZ4i6boGz5IE1HkWQxojY6xAwlZN0OVyfZClxCbzD8jMBywXEvC0IT50AazqG4Kgc3ORNcNYqeAYUcGllioQmklnhiKsavLsR3EQuQmPZCAxmitK9388RWFqRMAUCZyyPFSLGvKSOCoTG8xAcycEKOR+eeSSAfzs1e3lHdxo/17WHt79P5W3tO/nZNymMSEAxMezsbepO8y+Q484Gce6IrQ5hqwqsWUmkVQgaKhEYvosFbT4IHJl+vV30I4kyDlLGPGXMU8Y8Oc3P98p4zvoQvl4ZlvWkyliNro4iVDQX40pjIc4rc9iTd6SVm/7Bejl7JAMrhnKwEzUEvo/2tlN40HkJWkszTG4dmvqu4WyTBBnXt6rjEjg+ponSPf1FmPsgxUVV7prG/BiaqacQllp/GU36qwJBNB543KMvhFtXAHvHLr/t7Y4tBffS0Wt5hY2rZ6JZINgETnZ0SzDXmQZyum79PvPGtmi9rhS1uhIRXPulJL4CimmSYmIInLzxnh4qT6t3o0FXJnYWduG8yQP7u9SMRB+GHquoWEH2310l3P8B4M3c7jDaDNsAAAAASUVORK5CYII=",visa,$3.90,TRUE,FALSE,Hongguang
Harold,Fisher,,Male,"data:image/png;base64,iVBORw0KGgoAAAANSUhEUgAAABAAAAAQCAYAAAAf8/9hAAAABGdBTUEAAK/INwWK6QAAABl0RVh0U29mdHdhcmUAQWRvYmUgSW1hZ2VSZWFkeXHJZTwAAAKiSURBVDjLpVNdSBRhFD07M7nF+rc67s+ILqS4ubBpEERoIFKwC0IIlfYQRlE+lz3UQyFElBD1VA8R9NhDP/YmkYbUQ1T4oCStC7rF6G5ri5o6rePOfNOdb7YfH4KgGQ6XuXPvOefe+cZlWRb+55JGr+37KwNjFodJMEwGk2BHw7Cjk5PswtrWZjDTBMgNd2QJsFktnqIcY2DUZNfYhGCUh4DJd5MOATMNrMxnkV9e/Sflsopy+JXAbwcWJe3mFwffghsAnPgT9HxFOYfSHfU2PR4M3kONz8eJBa5Y3MLY97uEO9BdM6QOGEUUaJQ3Sy1g+SkaZ5MrW8UdCI5nx/aeyhQ1P8JLrR8FtkIF1GwQCWFKP4SRxf1YXZ/lyrQWPqLjoEhg0C72lrVQgYlXG4dRQNIhIcys1+LZylmcn7v/y4HdI/GFURVfGCtgenUKXbUy0toGNLELS2ut8LIjUBfbsL4RoFoRu3kP20pgs7bIOURKAxA/1qM65YW/+hhS2RlYbY/REH4IPG/CTt8uZJr6kPhGe7JckExOYPG5ZDGED6NZ1NPdc6IHmqahYb4Br9+PgZXoONrdhxLJjUymCRMT1VCTKUi2MqN5tntKMX15BKKvEwdOduLqhVP4vOxCUFEQjUaRSWdw6+ZtigsIVQk43n8R6qdZCLYyyEqFV8aay4vyCi//MJeuD6BQyKO3txft7e2Ix+OIxWLQ8xriIZ3XlFd6HQdziQQ/YZtrQHpB5S8HB27wkzc0NASPx8Nz9kj23E8SDKdjQIZqXX/+jZFIpLmxsfFpR0dHoK6ujkmSVJXNZpFMJuF2uxEKheD3+4nYWFJVVRgfH/+yhSAcDovBYDBKisOKotRQk0hpIZfLnaG4IMvyMMVtuq6b6XT6Kznq/gFyr64cpzvFtgAAAABJRU5ErkJggg==",jcb,$4.89,FALSE,,Neftobod
Chris,Nguyen,cnguyenb@hatena.ne.jp,Male,"data:image/png;base64,iVBORw0KGgoAAAANSUhEUgAAABAAAAAQCAYAAAAf8/9hAAAABGdBTUEAAK/INwWK6QAAABl0RVh0U29mdHdhcmUAQWRvYmUgSW1hZ2VSZWFkeXHJZTwAAAIHSURBVDjLpVNNaxNRFH0fgzNxRlNIm6QVsSRQ1IUiVCSCS8FF4kokO/9BF7oUstBll4IuunBpl61RNy4suhgF21WhJVU0WiHUksmQr2bex/TeMJEoxog+uMzjzT3nnXPmDg3DkPzPMsY1PHrpdaWUZFBCDJ6C3L91NjaWAAH5SwkLhaJaTfBJyOOnmwf4no0lkIJUqg2hAKUAqKMKQMFfEdy5PhN7X/Ge1L22QqACCUFPhCIIvv6UwdJaiyopi1KqAnjMRZ5dUDBzbta5fDxuc99vafuYw9SQgj7B0qsmBeDdTJKXUhMWi5mcaRKSVrt30uCcHrFMtrv7Xb5wq8+uzp/Ip1MJLoYJ4KZiZsoozU5bBqWM9r8slO0c5bjvdrr6uVt9B6CF1dcfrgm5JVHhDwJIuoA3QyS0tteUGzueEtBwIRvnyXTC6HR76PnLw9tX0HdsOCMWJZ0zLZANt63v1NV+ozO377Xn3M2a0hCabdsMPOdGDhL60dFASthjQHgmOOufK/Az8PzrYhGB22wdaGw+n5ngjkkrjsUqF88kOZ75dV9jz2gFgSh/+ubfOJ012VR60sinJg0UhGApgnDrYw0IZHkkAUheXt/ey/aCoHRqOs4cx+7n4TcaehvAbzY+34PUl39HQAd/48KDtxT8FyH9ghQyhyOMgwRVRvDK4s3wjwT/ug4BPyZOkZTlSM0AAAAASUVORK5CYII=",jcb,$1.22,TRUE,FALSE,Bužim
Frank,Vasquez,fvasquezc@comcast.net,,"data:image/png;base64,iVBORw0KGgoAAAANSUhEUgAAABAAAAAQCAYAAAAf8/9hAAAABGdBTUEAAK/INwWK6QAAABl0RVh0U29mdHdhcmUAQWRvYmUgSW1hZ2VSZWFkeXHJZTwAAAHySURBVDjLtZPvT1JxFMb5O/gHskVzrrV+mFZomDdEDGkYKSXlRleY6IzcFdQ7lBgYeaELBNjFEpbWi9psRU7JnCa3VYTV/WfY01davkFk0/XivDp7Ps/Zc86RAZAdpmT/BWDLmun+5ZuS5X0P+paMML82SKZXeroqYGDttty22it6Po8iWeCxIAlI/5pF9Osj3M8MwPCsXex8ekVeEWAlYn+OxaKUxNx2FKmfcTzfjiH2ncNsnsfIOzu00RZxT4B1pZee3GTw4vdfVyEfxkTWAdfyMMJfHiL2LYgImcSyeAstgQt0GeBuxiQl8iEIP/iSW/eCrtiV0rLXkm3s1ThVnN6cQkj0w511osl7TioD9L29QcaNY64QhWvlHrrmtey/niasclCcEqrp81B669HoPo0yAEmaBBcpuTOZQegF9S6gdUaJqms0vdRL3JYXQdEHLueD9snlovpxc2qnd8nfiIues9gXYEx30INLFvAksB1IIPcAd9LdaPY1oEcw4HqiE2ecJ7DvHegSlGh/Y0FgywP3uhPeDRae9TG4P7nArjHQ8W2oG1KgIkATUcmpYJNonjeC+TCMyZJwFOMfR+BadaCdo3DcdhRVT5kkTZOkC/VjJ3GKqUNHSA3NTCsR1+BAz1RrPwaFtQYH/kZF/5GKa/wDDtK86rC6fMkAAAAASUVORK5CYII=",americanexpress,$6.26,FALSE,TRUE,Emmen
Sean,Jenkins,sjenkinsd@ow.ly,Male,"data:image/png;base64,iVBORw0KGgoAAAANSUhEUgAAABAAAAAQCAYAAAAf8/9hAAAABGdBTUEAAK/INwWK6QAAABl0RVh0U29mdHdhcmUAQWRvYmUgSW1hZ2VSZWFkeXHJZTwAAAKQSURBVDjLbZNNaJxVFIafe7/5KTPzpUloNK0tIsowCtbiQgRRQReudCMVqYrdiLgQ01UrWUgXXZQumoU2myyKii66dOFCEUo3IiL+VRMFHactYpsMmsy0mbnnx8X8tEn7wuHAudyH97zcG9wdgKWl9zNgl7vvrVar51T1PndHVQHDzBCRFGNhqd1ePXb06PF1gALAhbONF+7PanPtymtP9G2iVK3WmJjYibtjZuNupsWVlYtviaRTwABw4WzjEPDRVGMy/vt3QLpCu73G2toqZoKZE2Mkz3PyfBKxgKplDFUA3rz7wL5Y2lnigdrHiDhuRlaoYJslrv3cWb7cfehka/3BxUY93+EGqolbAU/tqz+K2V/MzFQAHZYQ4146v55v/NPd81UxL6uKQgyY2RgQB025fOUPCC9COAjhJVqt38BlcKpKb/M65kbq9YfB3nQAGOVSxqXWCXDBSZTLBWAAMDOKsYibYURE0naAMjOzC5gc2Pc0vDwApJTQGx3UDJHNLQ7GK1xq/Q7hFQivQjzMn82LY4CqhiwWw8BBQNW2OxBK5Yxm812whNNnx5YVtBBkoxICkLqYbcugt9Fh9+xj4/RHtblxA7EMVZsOYZC+qqMqWwBHfvr829OjgRNIWkIsIhb54cr+r7Ms+3Bqanr0GjHzm4AnDy8vAAujwfz83NTs7O7z3W7nYTOjH3uPp7RuWZYNHdhtDrZIVda/8+fPWa06nfWvfjJxdfFTEd2zvPzLZyn1CCHSrx954/UPWi8DC2H0G2/VM8ebzeceqd375fer/9WvnTgDVET0oLsWzJDmPe/lzx64K//ix43WHQH1t1fmgLkC/TNPy8lFM4vuWhGx6G72TXX+UAqVd4DT/wMfm3vSJoP5ygAAAABJRU5ErkJggg==",china-unionpay,$1.97,TRUE,FALSE,Saint Andrews
Edward,,emendozae@parallels.com,,"data:image/png;base64,iVBORw0KGgoAAAANSUhEUgAAABAAAAAQCAYAAAAf8/9hAAAABGdBTUEAAK/INwWK6QAAABl0RVh0U29mdHdhcmUAQWRvYmUgSW1hZ2VSZWFkeXHJZTwAAAJRSURBVBgZBcExiJZlHADw3/O+732enKYdQVeklWBeoSBFtmgNNrRcQ9DSFBQZDU4OEYSNbQUtCg5FEAUpDdXSUliBQRBEBBXeVuFZnvKd1/e9z/P/9/uVzATnX37wEfwCAICbpy6s7wUAACjnXnrgUbyFtV3Ld3vhjbO2rv8Alu465sOzr9veugUf4dKpC+sXAWDApWdeObNv+Z57/fPV+zJTm22BzHTiyD5LR0/KzLXPzr/3LC4CwID7l1fus/n7FTHetv7JO2QiXc8fpbTx83eWV4/tBgCAAbLORR11+w+LVmWmj9tpLUMEcPO3LeX401599/O8MVv59c/1vx67fG5te4Boo6ijGGfa7D+kNoQ3n1u1MQ0FkWlsYeiP+ODK5sN96a8++doXBweIOhOtkqEUMum7zo3b6Y+N1HVprOHWdvXUQzsdP7TX0qRb+TbbTx1EnYs618a5qE3UBvrC4sCkLyZ9sTjpXNvcduhOXnxijzrmgQFinMlxLmuIsZGpLaZSWOjJJPticehc/TdN/555fP8OC0NngKhzUZsYm6hBpMhUFH3XASVFJDt6pSv6vpcYIMcm503UJmojgABFEfrCZOiUTBFFKUUmA9SxamMTrYmxkURLBUNHVzqR9IUuMGHnQGYaIOdVjE22JmvISNCiYgAAAJGVKAZc3p5OT+zatyprE7WRicGsTrEXAADM6lSJrgx4++svP92NowBw7fDzFroD9iyOMulKUQpQ0Hd3iKzzkpkAAODkme+/6btykG6F3KIgQVFKZJvuWVrY+T+vNUkTODP9hQAAAABJRU5ErkJggg==",,$2.49,TRUE,FALSE,Aseri
Nancy,Medina,nmedinaf@boston.com,Female,"data:image/png;base64,iVBORw0KGgoAAAANSUhEUgAAABAAAAAQCAYAAAAf8/9hAAAABGdBTUEAAK/INwWK6QAAABl0RVh0U29mdHdhcmUAQWRvYmUgSW1hZ2VSZWFkeXHJZTwAAADVSURBVDjLY/z//z8DJYCJgUIw8AawgIj58+c7A6lWIDYnUt89IC5MTEzcxAIVmKyvr6kpLi4C5jAygkkoG0FD2IwMr1+/VTp9+uJUIAdugIiQED/Do0cvGX7//gvxGxMTXBMIw/gsLCwM0tLCYD1wL0AAIwMzMzPD37//4YqRDUEYwAxkM6OGAcxGZmYWoAIGFA3oNDMziGbCNAAkCJL8/58Fp+0QS1ANYJw3b95/BQVZBj09bXjgIQIMxkelQeD8+UsM9+49gLjgwYPHYEwOYBzNCwwAGT0uf+Tb34kAAAAASUVORK5CYII=",jcb,$6.41,TRUE,FALSE,Dazhou
Teresa,Jacobs,tjacobsg@about.com,Female,"data:image/png;base64,iVBORw0KGgoAAAANSUhEUgAAABAAAAAQCAYAAAAf8/9hAAAABGdBTUEAAK/INwWK6QAAABl0RVh0U29mdHdhcmUAQWRvYmUgSW1hZ2VSZWFkeXHJZTwAAAIgSURBVDjLpVPPaxNBFP6SXZuYZWlsQbQhqRFsD1ahVgUPIuhBEDyKAU+ehB49FQTpQbwKggj+Cx6UgigloJQsqJcWCykppJVqTILi2iRms7szO86baVMFD4U8eMyP975vvvdmJiaEwCAWx4A2MIHpOM/+W0MUMekCQtDIpQdgjINzJqOhnDOEYQiTksfGTvWB1BMhoh3XBDQnkt0xiijGsbZW1ARkvt9WAB3UCRrEd0C7rhUlk7ZU4GkCzRwhlUojmz2DbtdFs1lBLndO7odYXV3A1NR1GIaJ9fW3cN0ttc+YjzhjYZ+ZwJub72WgJ8FnsbHhoNP5gXz+gkquVIrykBEQhvNQKpAE1BSqkzbIWq06qlUHnudicvIyLGsE9XoZtn0YExNXsL1dU7l0KB1kRpGnOquJoIKcc5TLb1TS9PQNZDKnsfToFuIrH+DXpPxhG73zl8BTPkySQfI5D1RTZmYKSloQdKTcURXbevEYhxpfcOLmLBL5k/A+LaJcKiJtSAVUm1YQYHn5+T+d7vvLJ7h4ew7J6jtg6QFSw2kcy42jUfoI0/d91dFEwvrr2vbundae+wvJI3ng2t29Fzh/FAc7ASnwZL2vVWfpdQnhy1Gol0ckpO546gC6K69gLczC9xroSoJ2y0DPGkJsP7+xVMjMD9nWvewoM834V7S/M3xuGjzsifux/X5np5Cb+/3z2x2Dx8a5IWoS9fTqInv4B7QMlwnqx2E+AAAAAElFTkSuQmCC",jcb,$5.08,FALSE,FALSE,Duzhenwan
Aaron,Watkins,awatkinsh@google.pl,Male,"data:image/png;base64,iVBORw0KGgoAAAANSUhEUgAAABAAAAAQCAYAAAAf8/9hAAAABGdBTUEAAK/INwWK6QAAABl0RVh0U29mdHdhcmUAQWRvYmUgSW1hZ2VSZWFkeXHJZTwAAAKESURBVDjLjZNPaJJhHMc9ddulU8ei/WkQRQwanbLD1JweDDaI/q2cDhQWOjGNwXTCBk5BbeRczZZjNx1sNWaBS802CNPDOpgo2y4h4kT8O53x7X2eoUvaYYcvPO/vfX6f5/P+3vdlAWBFo1FecGYYm5q7+Pz0Clgs1s0z5iJpvhYOh4vft0P4sR2A90kX6vX6mUIhGo3m3Orq6tCn6RF8mx+B93EXKpVKS0qlEorFYjP5fB5HR0fHgFYDPzYedP4HaEAaKRQKqNVqrQYbhhGEHFJs3O/E4eEhzcvlfWiW9vGCidq1B/XiHlRMiEUT0DTYOjZYH+xEtVqlIc1L/jRcTN5/SWNxMw2Fc5cCiFWLwfqkFF9fS/BxoIPSSf49dYxpVL5N4PmbBJ1BuVz+c6rB2r0OOiACaDwKCTmRPDtpzuVyyGazRQbQc2IwIUFwdhhrovZm89i7PSgWkhidT0DuiEM29wuyVz+RTqeRyWROmcGWH25hO7xeL8xmM5xOJ4xGI2KxGA4ODpo1k8kEl8uFtra2O02DD+PMl2h5Bq3gFqxWK1KpFJLJJAKBACwWCxwOB+LxOK2FQiG6h81mL7UYLMzNQq0YRWRnB1NTUxAKhZBIJLDZbNBqtXQtEAig1+spRKlUFk4MtGKMPeLBoJugADIwHo8Hn8+HSCSCYDAIj8cDLpdLXyMBMKBqi8HMtAFyiZgCdDod+vr6wOFwIBKJaMia1BoGUqk0Tw1UKtWl5f6rcAz04GE/hyqT01ZWVmC326FQKMDso2tSc7vddAZ8Pn+XRX5nkqGO87fHb1yYHLx+Wc+o/xaLxWWZTFaVy+U1Zli63t5eOXNdIjVyj+zp7u7m/wVntrWV38u6ZgAAAABJRU5ErkJggg==",jcb,$6.89,TRUE,FALSE,Paitan Este
Janice,Adams,jadamsi@microsoft.com,Female,"data:image/png;base64,iVBORw0KGgoAAAANSUhEUgAAABAAAAAQCAYAAAAf8/9hAAAABGdBTUEAAK/INwWK6QAAABl0RVh0U29mdHdhcmUAQWRvYmUgSW1hZ2VSZWFkeXHJZTwAAAHtSURBVDjLpVPJqiJBEHwf1f/UH+DydBTtLxBRUAS9eFH04MGTINIHUQQRt3I5eHBfW20XFBVzKgq75TGPNwxTEFSTXREZmVn1QUQf/4M/Av1+X+r1ekq321U7nY7GGNNarZbabDaVer0u/SjAyTIns/V6TefzmR6Ph8DpdKLFYkG1Wo1Vq1X5W4EXWb9er4SF/XA4kK7rdLlcRAyilUpFL5fL8heBl21mkHe7HW23W1ouV7Tf72mz2RBcGSKqqrJCoSCZArxexThgkEejMbndbrLb7S+xpQDWYDCgbDarmAK8WSqUYVXTNJrNZoJos9nJ6fzFd5uIow/oBwTT6bRqCrTbbQ3Ngl0c/Px0CDKIgMPhJKvVKsqAi9vtRolEQjMF+JiEAOzj0Gq1Mi0jKxxNp1MBw0U8Hn8LNBoNFR1HGSAhKzICFotFwOVy0WQyEZMZDocUi8XeJfD5Kvj5fD5FBq/XS4qikMfjMXfERqMR3e93KpVKFIlE3k3kc5WKxSJDD7AMuxAdj8eCiKxIgG9OZhzSl4uUz+flXC6nY+Y4eDwehZv5fC4uEzJDhBP1YDAof3uVM5mMnEqlGC9JNA49Qc2YO788xInM7/fLPz6mZDIpRaNRJRwOq6FQSAsEAhonqT6fT+Hf0l9f47/iN5+1McdPrPQwAAAAAElFTkSuQmCC",jcb,$7.66,TRUE,FALSE,Bogoria
Carolyn,Martinez,,Female,"data:image/png;base64,iVBORw0KGgoAAAANSUhEUgAAABAAAAAQCAYAAAAf8/9hAAAABGdBTUEAAK/INwWK6QAAABl0RVh0U29mdHdhcmUAQWRvYmUgSW1hZ2VSZWFkeXHJZTwAAALnSURBVBgZBcFdaNQFAADw3//jbred7pY6NLe2FKGgKOthtiJMyiiEgnoMwacIglKih3r1OSh68MFe+hCjsqgXU9N6WJFJBZU5I8/5kbqYzbvtbnf/z36/oCxLsOfIlSm8vXmkNt1NC920kBaFlaxoYQkLyLGIm/gQx2OAIsu23b9h1fRr20cBQCcpGt2kaCz28vEkZamfm1tYdvRCZyf2xgBFlq0frgbgyq1cJQjEAVHMQCU0MRCKwlAl4oHxQRsb9TUHf7r2VgiQp+lwPSYrWEoCrZRbfVo9Wj1urvDvcg7eOHTZ9Ka6e9dVRmOAPE3XrK6GOn06vVwYBmJEEWFEJBAFFAjyth+bi3653LoWA+RJsr4xGGmtZLr9UhiWopAwD0QhkVIUoYzMt/veOfF3G3tigCxJJtcPV7R6pQxKojwQlsiJytxw84D5c01bq5Nm+tObvtz3yH8hQJ70Jzc0BnSSUhASBYEQIQIMzh22sXHJ6Lbdnt/8u1dWXt8BMTy1/+vBOAqrA5VQkudCJUolcoGhq1+4o/Kdxl07dS4d1Ri506aJ9gdHX91cjSHrJ6P1ek0YUEBJEBAKlCX1pV81Ht4l755VWzeul191+/atQ1ln8UAMedIfiutVcUgUBvIioCwVCAL68Zh0cU4YLQjCjurwAr2u5ev9KH5076F12D9194Qb7dLcfK5eo1YNDa/8acP8e6q1VJH1hMUtwtXKNDH78fne2fPtF+M8SR7Hrp/PXbS4Elvul9K8tCWbMVU5aezJHcrkuCBf8uexvnK5q0h6K81me/fuwxePxHmaPvjsY/cNvvnCQwDg+jfvWnPP05KFA+K44Y9vM72Jl5ztTfj02OmDJ9/fdwTiPE0v3lho+ejEOSOrBo0M14zUB4yIBNE/ooFRs6e68i0v2zL1jFOf/6CVVZsAcZFln82cmR2fOTM7ibVYi9ueG2uNPdFsDrUXE5/MbbVwoWvk9Fd+O3/lL3wP8D9kTlQPa94WnAAAAABJRU5ErkJggg==",jcb,$1.52,TRUE,,Caherconlish
Marilyn,Jackson,mjacksonk@google.de,Female,"data:image/png;base64,iVBORw0KGgoAAAANSUhEUgAAABAAAAAQCAYAAAAf8/9hAAAABGdBTUEAAK/INwWK6QAAABl0RVh0U29mdHdhcmUAQWRvYmUgSW1hZ2VSZWFkeXHJZTwAAAJ0SURBVDjLlZNbSBRRGMe/2XRWZ2/D7G4sSuYaKVurhMZaIRbm6iaGERSSbz0EPfTSQ4j0ZNRLQq8WPaQgPfQaIWmUJWwrSYolkW2ul7S0Rrbcy+zM7vQ/EovJ2uXAj/+c833nu5xzhtN1nXKN+h6Jc1Sqma/fhPHn574cpG2GYTuDt9quHbe0U0vRiZrqXvHZfwXoHqnTfaZWg8ceII90jPy7mo5W9Vjv5fLltrZwa6RJLzbVkstWQys/FiiakEng7TQ6N0iD7x4vhK+mSjb7522NmFb56PRqKF+OyYLbcQQlFtCT8H0aW5ygHUTiX1uYX75WL690C/PRScwyZDDoNCtPU1vlKB0ueGBpvXy76o8BTpUmu1x5CpGWT6Rn0CMrk6fIdIQcXJwaSjMXfjuDqampXk3T6gGpqsqDMq/Xy918eoaUtEJriSjF1QQdiHcmTjYcKhweHo6nUqk5RVEIumrARs3pdHoQzIOFKzzPc8Fg8GWj2EW1+qX209IN8lPn2d0OoXBoaOiuyWQSksnk9YqKCg+ClHGhUGgPx3EfYrFYMQLIYB9YgnEnywTc+I5Ai6CfoS6wZjQal2RZfmTw+Xzh9fX176jgExxaYBhHBr8gCJPQgNlsfg1thr6FPWCz2Zg2ut1u1sKLjXcwiIHJeRhYBeXQZWgJ9COrAMyyOWDrTpyTDCLovm3jFpDhzqYKJlkGq9X6imUURZFVFJAkaQLzJugbBGlGgCUwln2J/f39KgwWOJWy04WWQ2fAXvAezm6wCFzIvB9c7Ovrq8u+RGzIAwk4068ryoJNWdh149ApnU4/zPkv/Mvo6OjgmQ4MDKR+Apt6owU5Oz7IAAAAAElFTkSuQmCC",visa-electron,$2.27,FALSE,TRUE,Santo Tomas
Sandra,Gutierrez,sgutierrezl@blogs.com,Female,"data:image/png;base64,iVBORw0KGgoAAAANSUhEUgAAABAAAAAQCAYAAAAf8/9hAAAABGdBTUEAAK/INwWK6QAAABl0RVh0U29mdHdhcmUAQWRvYmUgSW1hZ2VSZWFkeXHJZTwAAAL7SURBVDjLdVP9L9RxHP/8A/1glR6WlpsUh1Me7nvuvs7RHDaZp2XkoR1WQlbJ01J5GHbOU4fuPM1TK3Uh8pCHIs2wlkgphJ70gMTcZbJXTs1y6Yf39vq8ttdrr71f7w+hq9nEtoVHbO/zCP8eh9CtVoTbxnnqVM33DcpzJsZtpl8E1yktYQ1NDiboEwAbhqgN1GDVRGLTzGGqMV/BfuhQSSH0otBuW7E23DyMaE3huoF1DbUG+I1sCOp479SYU8GCRSETzlIOFC/ykJEZDq4fQ3tTA34dZ/1BlTFBFbGQ15WAW91ieN9wgalMFzf7MmFwZT+Msw3xb4JaDni32VxBifkWbqEZsh/E4GrzKQSUsHHy1jEcL/eEUGwJoY/+hU0T8BSWJ2xKLWAhN4C8MxFZTcHwlpvCudgGyY1nUNweDzrVDKxI3bE3NYfdhyu9MFKbjP4iezzLZfoR6wYOoWRG+d4VLpC1RsBLfggucjuIm6IhktGQtkbCQUwjLIeBqfYozA3UAwsf8G3gNrrTHT4R83QWsco0CfQpPQpJSwSEUgqXFCEILOAjvMINIUX+iMrSfz07FL+09O4uph6KoRy8g58TXRgsCVYRXs7vGk2SGJMu2fYoe5SBiHJHpNQH43zlabjHamN6MA4ryi4ox0Ix0xuGl+UiDBT4TvfmuOoTbo7l+kIOnNP56pfvisuKcDgk0QhK0vs4OxiDFVU3Fkf9oXrrg/kXsRiX2Xx6IjliurbEvw3Us1O0tWpnwI4Wp5PbMdUX9UfsB9WkN74/j8Noru38q3RL8/UW1AZ0LkXM0ljEONqQ6IXuJQ2Ju9yHGs8uryg7oRoX4cdbX8ytJhnJtVMOp1P7NtSo2WvhKR3RUEMsnjVm4X2PJxbHfTDTH43XUsHnYQnF+OcONImqNDtgfgLDcg+0x+7G42uO6Egw/zCQyjba9JA0icQg5vJStxRLPdnoSRagKnDPQnOMCeu/n0mT8KS1VCn+B5fbUh2XWyW2HXVRxoz/idXzCw2TfDKYV5fXAAAAAElFTkSuQmCC",jcb,$2.49,FALSE,TRUE,Bayt Yāshūţ
Mary,Reyes,mreyesm@seattletimes.com,Female,"data:image/png;base64,iVBORw0KGgoAAAANSUhEUgAAABAAAAAQCAYAAAAf8/9hAAAABGdBTUEAAK/INwWK6QAAABl0RVh0U29mdHdhcmUAQWRvYmUgSW1hZ2VSZWFkeXHJZTwAAAISSURBVDjLfZM9a1RBFIaf2d27H1kLTRUQEtAUojYpxA/yA1JYCKmtxE60XSxSxCb/wCJiY2NpK1GwCIEgpBBCQK1CihVMcM3m7p2ZM+dY3E3YuKsDw5kZ5nnn5Zwzzsw4HenpE+P6TWRjAxPBUkJjRIcxW1rCPnyi/fG9O2VqjIxRyEZAFSn3IliIo8hfAlEwEdR7VKQUEjlb1yYIVM4JhIh5D3NzJO9R70nek4oCNz+P5gMshP84CHHVHe6tNG71ad2tQ606PHdIXhA+75JCXP2nQP3+/gFS6ccbDy/4+iwpVTApcJKTDfZpVt723b10MMq40yrYmzu3wb0LC89nfGig+S+kOMFigUkAV6XRdEx9fdkl2oPs2e72+Rwk6ci1RzNeWqS8RwolaDGgRY70fpIf9Shml2f0OHXGkmgqi7F9BR0cl6AEkIhGj0lA4wD5fchApsCnxfEcqE2rVbFYoBKwFFEp4RSGIr4geUGTm55QRiubSOKZ9bOZhlECljymE/rA1I5c7IOm89bFl3mIHlAQD5GjcQcpbtZ6e7hahqZwznr5cqKStWj6H0hgc9zBQNdqO6+7mcupZE1QxVL5JzCj2mrTaGfUvmx1TStrY30AEF7MP0ZYDQvLM0X9MkkU8znEnPrJPrWdra6KW7m4/m19ogBA0bl6W/vSIeqimpsmgZk7UmFT69napVfft0fv/wFUf661fqqpcgAAAABJRU5ErkJggg==",china-unionpay,$3.87,TRUE,FALSE,Yangfang
Judith,Perry,jperryn@ucoz.ru,Female,"data:image/png;base64,iVBORw0KGgoAAAANSUhEUgAAABAAAAAQCAYAAAAf8/9hAAAABGdBTUEAAK/INwWK6QAAABl0RVh0U29mdHdhcmUAQWRvYmUgSW1hZ2VSZWFkeXHJZTwAAAIpSURBVDjLpZP7T1JhGMfPn9RaznVZa7Zhl1WoOI1ZtNlmq5Wrma1jMTSG5li1ahWSFJKmjuhEYzVJCDGQUNJI7WYX7ALnhFwiKFvn2zkHKw6d33y27y/v830+++5535cAQCxHhN7+AR23I9Ba30EzMIeTva9BWl4+ljJbRhLqHk9i/trDOLpdDLoeMCAyuZ8oVtP1WVYKYPYsfCv2Eqd9bdB61dB4SJxwNQuHjcZnkAKY3F+Efu/0VZjDV9A9eVFoiIo37L88JQkwDjNCv7CIPm8MheINey+ERIC6/kpFtXkbdhjKUdtVIfITVn9URGRSOajOBv8ClH1yRZVpK9s63IL2kVbIz20RBvkaGI3mAVQgBmosCsd4FG8+p7Gzc0wA1Fi2KyqMm1nyfhNqjHKsP1WKct1GDPpisPLy0/8nePUxhWqdD1xkJReZbXY0oqxjLbtOU7JJf2ceqewibAFa8FKBJYCQgktg49Rg3QMuMupv1uGw/QA26Faza9SrZHyidtt7JDOLsAdp3B3Pixh6QiOd/bdZVY8SGjeJg1QDH5ktbVkp+7OPtsG3SHz9gXuhfALnJPeQHBM0ClVrqOIjg4uMkuMrZIW3oe6fEwBD3KBzScQtPy3awfNIEiq9T/IdkDdeYIEDuJ4ygtcd5gD8QLF2dT76JQU4ap5FPP0ddDKHT/EsInQGRKXWi2KVHXNSUoAjppnRQ4ZwZt+lKdSfD2H3meDyvjKv3+cfGcwF4FggAAAAAElFTkSuQmCC",jcb,$7.18,TRUE,FALSE,Belovo
Billy,Cox,bcoxo@shareasale.com,Male,"data:image/png;base64,iVBORw0KGgoAAAANSUhEUgAAABAAAAAQCAYAAAAf8/9hAAAABGdBTUEAAK/INwWK6QAAABl0RVh0U29mdHdhcmUAQWRvYmUgSW1hZ2VSZWFkeXHJZTwAAANTSURBVDjLTZJtTFNXGMdvlpgl27Jvi5/2meyLWZbFGBdBBqJpi0njEtzEJUZa7LBGrARwTkvZFFpqodmKMC0CCrG1jSJqfCktl65YkUKtIFVKl6KzlVZa2vJShP/OOXHNbvK7ee5znv/v3HtyOQBc6hb3AUFJ8BIeET6k/f9Dehvfr7sJOf/1uXkrt4GgTo3se5mJ2pEYKY24+4qdxx9kHITYexwP+8T8wpgsujh5Mkbm3YTPmSDSy/2ccO9/tRK+hbnhA/OPTVuTDc4ofh+J4OL4awatz/EzGDd9lY776tLJccUbkhslbOBmL3G/LHhPxsJDB+Zdl7eu6odDuOr9Bz383zBYJ6A3T+CSbQY9Yy9hHLTjWd/OtcVZ87vw9S/8JJvDBdq4bVPtH/n/urAprbbPoNcdgtUexPRsAtFEEnOJFPyhBLrvTcM4FMTVG03w9mxZnmz/1EOyOewgjl+8qam2+NDuDMJEdqPX23gcz1+9xhKpKcl14Hz/NAyOFzhl4vFTh+s3dgb0tq9t1FF1zYfzd/yYJDunV9eRTKfxh7EDESJaWF6G5e4A+OdxnDU9AZ2lmazgu2Y+VtnjQeMVLyKLGbxdXsMKWahV1uGy9QaqT9fhnssNXzyDYwY36CzNZAW7z96JSS+4oewYQyiZIZI1zMYX8GuTloX5sSeYWwUeRzOQNw+DztJMVrDr1DXHXp0ddd2juP80DMvt+9CQsNFoREOjGqOBIJ6GE6hv0LCe6kwjflA0BnJzcz9mgvyqTqVAeR1H2oZwqFqLlpYWhMNhBAIBDA4OQkeeDe1/YnLKz3pOp5PNiEQiNRN8Izd8TZjYLtVAUVUDj8+HE6frUVxcDIlEAr1ej9raWlYLRSKI9x9KUolCoYhn//XNkqZy4V5JRqmqZ4KjzTbkF+yAzWaDx+MBz/OwWCzI/7YQWw6ekVOBSqVaygpcLle+TqfDYbmcCQTfy8hwAYqKiiAWixm0LiwsRGlp6SMqKC8vn2fh/v7+zwjJgYEBuvhOrWla6r7Su2q1WtHa2orKykrU1NSwmvbMZjO0Wm2CfOIzJujq6vqEMNXZ2bkik8n2CASCYFlZWaqiomKJsFJSUvIjoYDUKTl5Q6lUui4UCkN5eXlf/gvG8MXqEEqGrAAAAABJRU5ErkJggg==",diners-club-carte-blanche,$1.54,TRUE,FALSE,Zhengji
Ashley,Long,alongp@e-recht24.de,Female,"data:image/png;base64,iVBORw0KGgoAAAANSUhEUgAAABAAAAAQCAYAAAAf8/9hAAAABGdBTUEAAK/INwWK6QAAABl0RVh0U29mdHdhcmUAQWRvYmUgSW1hZ2VSZWFkeXHJZTwAAAJ0SURBVDjLfVJNaFNBEP5e8tLXkKqtSa0kVYKplFIsFNSTIgiFhoL04FnsQYTSW66BkIcezMlTD1LQS7wWjIdA6qEVKq1ixAqSWBqMFWJ/EtvUtMnb9+LM1kispAvD7s7M983Mt6vU63U01uiDhfrErT68+VqEJeowTUuaRSaEhWsBN6bj7/Fu+rbSwKhoWpZpwrLqEMYfoDjcTXFogkmF2QyBrfnyt5phQtRM+DQT1901GHQ2yCcJjyOwKPirYsB7QpOggY4aBtwqTioGzp1yYq9SpSLHdmDqb1d+wKOp6DvdBrejhq6uLgy5LZxxtWEpvc5F9JYEC4+CkU/ZTX3pYwEXnAbO9vSgs7MTbqWMpQ/fsJIp6J/jdyPNGIVfIZ1OO4UQ/WR2wzDw9PXP+6OD2r0rQxdlUqFQwPNXXxLDXhHleK1GuhjGZigUykuC5eXldYfD4eP5iEQat26z2VCtVqGqKjY2NrC1tcVAGd/d3UWxWLwjn5Gck/v7+3Gfz9fBLe/s7KBSqUjjAkzcQ+MEAgFomsYFkcvlXhBuVml8pFQq1UeOl16vt7+9vR3lclkCOc7GPsuykEwmTcqLRKPRh/+IODIyskqzXc5ms7Pcpt1ulwA2JqARGVyknGAD/N8rjI+P71FCant7WxKwBrwriiJJSI89XddTLZ+RFyWNeTwe2bLL5cLBwYEUlM+0nyflL7UkmJmZcVIHN3t7e5HP55FIJFbn5+efLS4uolQqwe/3s+BjLQkIfKO7u9tJs7LST+g+HIlEJjKZTDAej39nPY4SqEfa962treUIOBkOh5MNfywWS05NTQ3Ozc09pj9wtRnzGyK4jfbwxX10AAAAAElFTkSuQmCC",maestro,$6.68,TRUE,TRUE,Krasnorechenskiy
Craig,Ward,cwardq@paypal.com,Male,"data:image/png;base64,iVBORw0KGgoAAAANSUhEUgAAABAAAAAQCAYAAAAf8/9hAAAABGdBTUEAAK/INwWK6QAAABl0RVh0U29mdHdhcmUAQWRvYmUgSW1hZ2VSZWFkeXHJZTwAAADTSURBVDjLY/j//z8DJZhhGBhw8uTJ/5RgsAF//vwhC7948QJhADkGDTEDtp9c+790ZsL/tD7//4ldXv+X7pmBagA+vOnosv+NqxP/b7ky9f+FZ7v+9+/O+h/er/u/fXHZfwaQKYRwYpfn/42XJ/zfeG3SfxDo2ZP6v39P+n/bfHniEotPteH/bVfm/EcGmy5N/W+eLUmcAZY50t+7dyX9b9+VANbcvjMB7AKgAd+JMgCosCW4R+N/764UsM0gGsQHivcQneaBijuA+BPI2VC6AyQOAPdpPzVHO/APAAAAAElFTkSuQmCC",diners-club-carte-blanche,$4.27,FALSE,TRUE,Laojunmiao
Steven,Gutierrez,sgutierrezr@irs.gov,,"data:image/png;base64,iVBORw0KGgoAAAANSUhEUgAAABAAAAAQCAQAAAC1+jfqAAAABGdBTUEAAK/INwWK6QAAABl0RVh0U29mdHdhcmUAQWRvYmUgSW1hZ2VSZWFkeXHJZTwAAACuSURBVCjPvdChDcMwFATQD4rKwgxNwypjAxNTN6hmNakMKkWKFGDqEQo6QEbICH+EjBBeXnoFUQ0MAqOjT7rTEWg/dAhInDi9Eo9TP8dvWP3LsZ31pNa228CSLskM6DMofPwbZFkzqM0yb6ADjeaJmEE+OgnSrBgEEl3Z0JsHQv73Km65GhnNHb6AlmUNgrnBFSBZ1MCbK2wBYmlq4CbLelYGBBJDw2c+DUdevZ8ffsX6A70Y4hwAAAAASUVORK5CYII=",americanexpress,$5.32,TRUE,TRUE,Terbangan
Maria,Coleman,mcolemans@clickbank.net,Female,"data:image/png;base64,iVBORw0KGgoAAAANSUhEUgAAABAAAAAQCAQAAAC1+jfqAAAABGdBTUEAAK/INwWK6QAAABl0RVh0U29mdHdhcmUAQWRvYmUgSW1hZ2VSZWFkeXHJZTwAAAE3SURBVCjPhZFfK4NxGIZ/R458Dz7B7wv4Go5WpJW8819mSw3bos202DsTNpT3FTbCRs0YkYPFasvKJhw5kpVEu5y8W0uZ7sPnup+e+34EorH+HIRZQsXfLtKkOSPJCXEOiLGNxgarpPniGW9WnPPN5y+9E3p5I4+n6DaLFHmeuOSRFEUSFNgjj04WDVcbQiCOuWBfnrIlE0RkjKDU8ck1VBytCIE45JYkD8QpECOHTpYIGVzYmo0UO5Q5IiyjqFLDKyNMyUVs1GJq1mvuiZJjkzvCZAhyw3ClrocVQiwwhwc3E4xjZ5f+SoOihpr66Hk1gOWWYGAeHzM4cWBnlEF6QZjLBqBaEbPKdMmpVP0WpbtkVjo/DMBv9aJzxTo2RhjAQoA0fkyFuhsmGWestqFL6cDEP9+s6gcdbFPqiEGjeAAAAABJRU5ErkJggg==",jcb,$5.91,FALSE,TRUE,Yongfeng